ITERATION, [OBJ_FUNC]MIN_VOLUME, [OBJ]OBJ_FUNC_DRESP:DRESP_VOLUME, [OBJ]OBJ_FUNC_TERM:DRESP_VOLUME, [CON]STRESS_CONSTRAINT:LE:DRESP_STRESS, [VAR]DRESP_VOLUME, [VAR]DRESP_STRESS, [VAR]AV_CONV_ALL_ELEMENTS, [VAR]AV_CHG_OBJF_ALL_ELEMENTS, [VAR]AV_CHG_DV_ALL_ELEMENTS, [VAR]AV_CONV_TRUE_ALL_ELEMENTS
Norm-Values:, 1.0379638e+5, 1.0379638e+5, 1.0379638e+5, 8.0000000e+2, 1.7661209e+5, 1.3379354e+3, 0.0000000, 1.0000000e-3, 4.9999999e-3, 9.9000001e-1
0, 1.0379638e+5, 1.0379638e+5, 1.0379638e+5, 1.3379354e+3, 1.0379638e+5, 1.3379354e+3, 0.0000000, 0.0000000, 0.0000000, 9.9000001e-1
1, 1.0552155e+5, 1.0552155e+5, 1.0552155e+5, 8.1875177e+2, 1.0552155e+5, 8.1875177e+2, 0.0000000, 2.3135524e-2, 1.6586306e-2, 9.9000001e-1
2, 1.0253667e+5, 1.0253667e+5, 1.0253667e+5, 7.0982202e+2, 1.0253667e+5, 7.0982202e+2, 0.0000000, 4.1737974e-2, 1.6932279e-2, 9.9000001e-1
3, 9.9739344e+4, 9.9739344e+4, 9.9739344e+4, 7.7589581e+2, 9.9739344e+4, 7.7589581e+2, 0.0000000, 4.0651627e-2, 1.5586133e-2, 9.9000001e-1
4, 9.6327500e+4, 9.6327500e+4, 9.6327500e+4, 7.3329926e+2, 9.6327500e+4, 7.3329926e+2, 0.0000000, 5.2177604e-2, 1.9427873e-2, 9.9000001e-1
5, 9.1923625e+4, 9.1923625e+4, 9.1923625e+4, 7.4125525e+2, 9.1923625e+4, 7.4125525e+2, 0.0000000, 7.2354391e-2, 2.5256256e-2, 9.9000001e-1
6, 8.6663547e+4, 8.6663547e+4, 8.6663547e+4, 7.1796472e+2, 8.6663547e+4, 7.1796472e+2, 0.0000000, 9.4448403e-2, 3.1134868e-2, 9.9000001e-1
7, 8.0466609e+4, 8.0466609e+4, 8.0466609e+4, 6.9058960e+2, 8.0466609e+4, 6.9058960e+2, 0.0000000, 1.2518393e-1, 3.7641574e-2, 9.9000001e-1
8, 7.3663625e+4, 7.3663625e+4, 7.3663625e+4, 6.9141968e+2, 7.3663625e+4, 6.9141968e+2, 0.0000000, 1.5919331e-1, 4.2630199e-2, 9.9000001e-1
9, 6.7563438e+4, 6.7563438e+4, 6.7563438e+4, 7.9487970e+2, 6.7563438e+4, 7.9487970e+2, 0.0000000, 1.6688396e-1, 4.2072289e-2, 9.9000001e-1
10, 6.4162238e+4, 6.4162238e+4, 6.4162238e+4, 7.2801996e+2, 6.4162238e+4, 7.2801996e+2, 0.0000000, 1.0188188e-1, 3.3323687e-2, 9.9000001e-1
11, 6.0137293e+4, 6.0137293e+4, 6.0137293e+4, 7.9694421e+2, 6.0137293e+4, 7.9694421e+2, 0.0000000, 1.3747442e-1, 3.2192748e-2, 9.9000001e-1
12, 5.7997707e+4, 5.7997707e+4, 5.7997707e+4, 6.3753094e+2, 5.7997707e+4, 6.3753094e+2, 0.0000000, 7.8910574e-2, 2.0686505e-2, 9.9000001e-1
13, 5.3740859e+4, 5.3740859e+4, 5.3740859e+4, 9.6652673e+2, 5.3740859e+4, 9.6652673e+2, 0.0000000, 1.8617761e-1, 3.3142235e-2, 9.9000001e-1
14, 5.4360262e+4, 5.4360262e+4, 5.4360262e+4, 9.5474695e+2, 5.4360262e+4, 9.5474695e+2, 0.0000000, 2.6555749e-2, 1.7962024e-2, 9.9000001e-1
15, 5.7277133e+4, 5.7277133e+4, 5.7277133e+4, 6.7491937e+2, 5.7277133e+4, 6.7491937e+2, 0.0000000, 1.1064657e-1, 2.8580260e-2, 9.9000001e-1
16, 5.4306664e+4, 5.4306664e+4, 5.4306664e+4, 8.4107263e+2, 5.4306664e+4, 8.4107263e+2, 0.0000000, 1.2675086e-1, 2.2776354e-2, 9.9000001e-1
17, 5.4766012e+4, 5.4766012e+4, 5.4766012e+4, 6.6209601e+2, 5.4766012e+4, 6.6209601e+2, 0.0000000, 1.9292857e-2, 5.0543291e-3, 9.9000001e-1
18, 5.3377918e+4, 5.3377918e+4, 5.3377918e+4, 1.0262650e+3, 5.3377918e+4, 1.0262650e+3, 0.0000000, 6.1634906e-2, 1.0633935e-2, 9.9000001e-1
19, 5.6635473e+4, 5.6635473e+4, 5.6635473e+4, 7.2698370e+2, 5.6635473e+4, 7.2698370e+2, 0.0000000, 1.2620300e-1, 2.3581544e-2, 9.9000001e-1
20, 5.4750883e+4, 5.4750883e+4, 5.4750883e+4, 9.7688226e+2, 5.4750883e+4, 9.7688226e+2, 0.0000000, 7.8694887e-2, 1.2713751e-2, 9.9000001e-1
21, 5.6825211e+4, 5.6825211e+4, 5.6825211e+4, 6.6942914e+2, 5.6825211e+4, 6.6942914e+2, 0.0000000, 7.9630129e-2, 1.4122676e-2, 9.9000001e-1
22, 5.5698430e+4, 5.5698430e+4, 5.5698430e+4, 8.2746826e+2, 5.5698430e+4, 8.2746826e+2, 0.0000000, 4.5263968e-2, 7.2233360e-3, 9.9000001e-1
23, 5.6621602e+4, 5.6621602e+4, 5.6621602e+4, 6.3387683e+2, 5.6621602e+4, 6.3387683e+2, 0.0000000, 3.5664901e-2, 5.9487019e-3, 9.9000001e-1
24, 5.6058977e+4, 5.6058977e+4, 5.6058977e+4, 7.2382513e+2, 5.6058977e+4, 7.2382513e+2, 0.0000000, 2.2095567e-2, 3.4123287e-3, 9.9000001e-1
25, 5.5918090e+4, 5.5918090e+4, 5.5918090e+4, 7.0658881e+2, 5.5918090e+4, 7.0658881e+2, 0.0000000, 5.6008068e-3, 9.0518501e-4, 9.9000001e-1
26, 5.5762813e+4, 5.5762813e+4, 5.5762813e+4, 7.3595575e+2, 5.5762813e+4, 7.3595575e+2, 0.0000000, 6.2203533e-3, 1.0175704e-3, 9.9000001e-1
27, 5.5590527e+4, 5.5590527e+4, 5.5590527e+4, 7.6229602e+2, 5.5590527e+4, 7.6229602e+2, 0.0000000, 6.9068712e-3, 1.1530229e-3, 9.9000001e-1
28, 5.5413770e+4, 5.5413770e+4, 5.5413770e+4, 7.7828046e+2, 5.5413770e+4, 7.7828046e+2, 0.0000000, 7.1518887e-3, 1.2197023e-3, 9.9000001e-1
29, 5.5248324e+4, 5.5248324e+4, 5.5248324e+4, 7.8119354e+2, 5.5248324e+4, 7.8119354e+2, 0.0000000, 6.7091803e-3, 1.1888372e-3, 9.9000001e-1
30, 5.5082508e+4, 5.5082508e+4, 5.5082508e+4, 9.4307666e+2, 5.5082508e+4, 9.4307666e+2, 0.0000000, 6.8374928e-3, 1.2519778e-3, 9.9000001e-1
31, 5.5978707e+4, 5.5978707e+4, 5.5978707e+4, 6.9520624e+2, 5.5978707e+4, 6.9520624e+2, 0.0000000, 3.5410926e-2, 6.2888958e-3, 9.9000001e-1
32, 5.5554172e+4, 5.5554172e+4, 5.5554172e+4, 7.3999579e+2, 5.5554172e+4, 7.3999579e+2, 0.0000000, 1.7054336e-2, 2.7645098e-3, 9.9000001e-1
33, 5.5405141e+4, 5.5405141e+4, 5.5405141e+4, 7.4555994e+2, 5.5405141e+4, 7.4555994e+2, 0.0000000, 5.9799356e-3, 9.9397358e-4, 9.9000001e-1
34, 5.5301730e+4, 5.5301730e+4, 5.5301730e+4, 7.4468744e+2, 5.5301730e+4, 7.4468744e+2, 0.0000000, 4.1946382e-3, 7.7216415e-4, 9.9000001e-1
35, 5.5189305e+4, 5.5189305e+4, 5.5189305e+4, 7.4228998e+2, 5.5189305e+4, 7.4228998e+2, 0.0000000, 4.5762896e-3, 8.4062468e-4, 9.9000001e-1
36, 5.5064230e+4, 5.5064230e+4, 5.5064230e+4, 7.4159619e+2, 5.5064230e+4, 7.4159619e+2, 0.0000000, 5.1611378e-3, 9.5994567e-4, 9.9000001e-1
37, 5.4916375e+4, 5.4916375e+4, 5.4916375e+4, 7.4429352e+2, 5.4916375e+4, 7.4429352e+2, 0.0000000, 6.1381473e-3, 1.1306223e-3, 9.9000001e-1
38, 5.4737781e+4, 5.4737781e+4, 5.4737781e+4, 7.9725177e+2, 5.4737781e+4, 7.9725177e+2, 0.0000000, 7.4753985e-3, 1.3629949e-3, 9.9000001e-1
39, 5.4658484e+4, 5.4658484e+4, 5.4658484e+4, 7.6469781e+2, 5.4658484e+4, 7.6469781e+2, 0.0000000, 3.3414084e-3, 7.3287560e-4, 9.9000001e-1
40, 5.4391938e+4, 5.4391938e+4, 5.4391938e+4, 8.0931311e+2, 5.4391938e+4, 8.0931311e+2, 0.0000000, 1.1346590e-2, 2.0775732e-3, 9.9000001e-1
41, 5.4577980e+4, 5.4577980e+4, 5.4577980e+4, 7.7181604e+2, 5.4577980e+4, 7.7181604e+2, 0.0000000, 7.7875336e-3, 1.5028274e-3, 9.9000001e-1
42, 5.4340844e+4, 5.4340844e+4, 5.4340844e+4, 7.8909222e+2, 5.4340844e+4, 7.8909222e+2, 0.0000000, 1.0030883e-2, 1.8893860e-3, 9.9000001e-1
43, 5.4218055e+4, 5.4218055e+4, 5.4218055e+4, 7.9859351e+2, 5.4218055e+4, 7.9859351e+2, 0.0000000, 5.2330326e-3, 1.0599032e-3, 9.9000001e-1
44, 5.4168969e+4, 5.4168969e+4, 5.4168969e+4, 7.9347296e+2, 5.4168969e+4, 7.9347296e+2, 0.0000000, 2.1139730e-3, 5.2068027e-4, 9.9000001e-1
45, 5.4026156e+4, 5.4026156e+4, 5.4026156e+4, 7.9726697e+2, 5.4026156e+4, 7.9726697e+2, 0.0000000, 6.1431807e-3, 1.2880693e-3, 9.9000001e-1
46, 5.3948461e+4, 5.3948461e+4, 5.3948461e+4, 7.9633386e+2, 5.3948461e+4, 7.9633386e+2, 0.0000000, 3.3512467e-3, 7.6920743e-4, 9.9000001e-1
47, 5.3852590e+4, 5.3852590e+4, 5.3852590e+4, 7.9650525e+2, 5.3852590e+4, 7.9650525e+2, 0.0000000, 4.1694189e-3, 9.4159856e-4, 9.9000001e-1
48, 5.3758891e+4, 5.3758891e+4, 5.3758891e+4, 7.9635907e+2, 5.3758891e+4, 7.9635907e+2, 0.0000000, 4.0826555e-3, 9.4580761e-4, 9.9000001e-1
49, 5.3660316e+4, 5.3660316e+4, 5.3660316e+4, 7.9590570e+2, 5.3660316e+4, 7.9590570e+2, 0.0000000, 4.3350989e-3, 1.0343934e-3, 9.9000001e-1
50, 5.3547383e+4, 5.3547383e+4, 5.3547383e+4, 7.9539838e+2, 5.3547383e+4, 7.9539838e+2, 0.0000000, 4.9789175e-3, 1.2134784e-3, 9.9000001e-1
51, 5.3418582e+4, 5.3418582e+4, 5.3418582e+4, 8.0881158e+2, 5.3418582e+4, 8.0881158e+2, 0.0000000, 5.7030558e-3, 1.4192086e-3, 9.9000001e-1
52, 5.3576492e+4, 5.3576492e+4, 5.3576492e+4, 7.8911200e+2, 5.3576492e+4, 7.8911200e+2, 0.0000000, 6.9190208e-3, 1.7032144e-3, 9.9000001e-1
53, 5.3334379e+4, 5.3334379e+4, 5.3334379e+4, 7.9053278e+2, 5.3334379e+4, 7.9053278e+2, 0.0000000, 1.0737416e-2, 2.3717175e-3, 9.9000001e-1
54, 5.3136223e+4, 5.3136223e+4, 5.3136223e+4, 7.9514734e+2, 5.3136223e+4, 7.9514734e+2, 0.0000000, 8.8811163e-3, 1.9198181e-3, 9.9000001e-1
55, 5.3019113e+4, 5.3019113e+4, 5.3019113e+4, 7.9583356e+2, 5.3019113e+4, 7.9583356e+2, 0.0000000, 5.2789636e-3, 1.1981494e-3, 9.9000001e-1
56, 5.2913406e+4, 5.2913406e+4, 5.2913406e+4, 7.9668225e+2, 5.2913406e+4, 7.9668225e+2, 0.0000000, 4.7835028e-3, 1.1272577e-3, 9.9000001e-1
57, 5.2821324e+4, 5.2821324e+4, 5.2821324e+4, 7.9696423e+2, 5.2821324e+4, 7.9696423e+2, 0.0000000, 4.1945218e-3, 1.1002125e-3, 9.9000001e-1
58, 5.2732820e+4, 5.2732820e+4, 5.2732820e+4, 7.9630896e+2, 5.2732820e+4, 7.9630896e+2, 0.0000000, 4.0502967e-3, 1.1599930e-3, 9.9000001e-1
59, 5.2629785e+4, 5.2629785e+4, 5.2629785e+4, 7.9425134e+2, 5.2629785e+4, 7.9425134e+2, 0.0000000, 4.7430182e-3, 1.3585370e-3, 9.9000001e-1
60, 5.2486715e+4, 5.2486715e+4, 5.2486715e+4, 7.9063489e+2, 5.2486715e+4, 7.9063489e+2, 0.0000000, 6.6153123e-3, 1.7389180e-3, 9.9000001e-1
61, 5.2279277e+4, 5.2279277e+4, 5.2279277e+4, 7.8635889e+2, 5.2279277e+4, 7.8635889e+2, 0.0000000, 9.6654063e-3, 2.3035994e-3, 9.9000001e-1
62, 5.2000871e+4, 5.2000871e+4, 5.2000871e+4, 7.8312177e+2, 5.2000871e+4, 7.8312177e+2, 0.0000000, 1.3180947e-2, 2.9415037e-3, 9.9000001e-1
63, 5.1667340e+4, 5.1667340e+4, 5.1667340e+4, 8.2867981e+2, 5.1667340e+4, 8.2867981e+2, 0.0000000, 1.6051194e-2, 3.4633516e-3, 9.9000001e-1
64, 5.2219027e+4, 5.2219027e+4, 5.2219027e+4, 7.7895221e+2, 5.2219027e+4, 7.7895221e+2, 0.0000000, 2.5704222e-2, 5.0068730e-3, 9.9000001e-1
65, 5.1792402e+4, 5.1792402e+4, 5.1792402e+4, 7.7642810e+2, 5.1792402e+4, 7.7642810e+2, 0.0000000, 2.0228973e-2, 4.1255490e-3, 9.9000001e-1
66, 5.1418863e+4, 5.1418863e+4, 5.1418863e+4, 8.1648584e+2, 5.1418863e+4, 8.1648584e+2, 0.0000000, 1.8160840e-2, 3.5767290e-3, 9.9000001e-1
67, 5.1752441e+4, 5.1752441e+4, 5.1752441e+4, 7.7582825e+2, 5.1752441e+4, 7.7582825e+2, 0.0000000, 1.5790148e-2, 2.8472748e-3, 9.9000001e-1
68, 5.1356734e+4, 5.1356734e+4, 5.1356734e+4, 7.9037317e+2, 5.1356734e+4, 7.9037317e+2, 0.0000000, 1.9118646e-2, 3.5799190e-3, 9.9000001e-1
69, 5.1203105e+4, 5.1203105e+4, 5.1203105e+4, 8.0755676e+2, 5.1203105e+4, 8.0755676e+2, 0.0000000, 7.5703789e-3, 1.5125260e-3, 9.9000001e-1
70, 5.1356652e+4, 5.1356652e+4, 5.1356652e+4, 7.8139374e+2, 5.1356652e+4, 7.8139374e+2, 0.0000000, 7.3945620e-3, 1.2636002e-3, 9.9000001e-1
71, 5.1186102e+4, 5.1186102e+4, 5.1186102e+4, 7.9887823e+2, 5.1186102e+4, 7.9887823e+2, 0.0000000, 8.2814787e-3, 1.5307685e-3, 9.9000001e-1
72, 5.1161238e+4, 5.1161238e+4, 5.1161238e+4, 8.0330170e+2, 5.1161238e+4, 8.0330170e+2, 0.0000000, 1.2221632e-3, 2.9249809e-4, 9.9000001e-1
73, 5.1230336e+4, 5.1230336e+4, 5.1230336e+4, 7.9409631e+2, 5.1230336e+4, 7.9409631e+2, 0.0000000, 3.3345136e-3, 5.4914603e-4, 9.9000001e-1
74, 5.1152723e+4, 5.1152723e+4, 5.1152723e+4, 8.0325946e+2, 5.1152723e+4, 8.0325946e+2, 0.0000000, 3.7645071e-3, 6.9142116e-4, 9.9000001e-1
75, 5.1252043e+4, 5.1252043e+4, 5.1252043e+4, 7.9774292e+2, 5.1252043e+4, 7.9774292e+2, 0.0000000, 4.6924762e-3, 9.0827764e-4, 9.9000001e-1
