ITERATION, [OBJ_FUNC]MIN_VOL, [OBJ]OBJ_FUNC_DRESP:DRESP_VOL_TOPO, [OBJ]OBJ_FUNC_TERM:DRESP_VOL_TOPO, [CON]DISP_CONSTRAINT:LE:DRESP_DISP1_ABS_MAX, [VAR]DRESP_SUM_ENERGY, [VAR]DRESP_VOL_TOPO, [VAR]DRESP_DISP1_ABS_MAX, [VAR]AV_CONV_ALL_ELEMENTS, [VAR]AV_CHG_OBJF_ALL_ELEMENTS, [VAR]AV_CHG_DV_ALL_ELEMENTS, [VAR]AV_CONV_TRUE_ALL_ELEMENTS
Norm-Values:, 1.3425422e+3, 1.3425422e+3, 1.3425422e+3, 5.9999999e-2, 6.9008489, 2.5230000e+3, 1.7431773e-1, 0.0000000, 1.0000000e-3, 4.9999999e-3, 9.9000001e-1
0, 1.3425422e+3, 1.3425422e+3, 1.3425422e+3, 1.7431773e-1, 6.9008489, 1.3425422e+3, 1.7431773e-1, 0.0000000, 0.0000000, 0.0000000, 9.9000001e-1
1, 1.8724083e+3, 1.8724083e+3, 1.8724083e+3, 9.0535603e-2, 3.5764961, 1.8724083e+3, 9.0535603e-2, 0.0000000, 3.0980414e-1, 2.2443205e-1, 9.9000001e-1
2, 2.2760720e+3, 2.2760720e+3, 2.2760720e+3, 5.2411135e-2, 2.0649774, 2.2760720e+3, 5.2411135e-2, 0.0000000, 1.9094823e-1, 1.7138343e-1, 9.9000001e-1
3, 2.0426990e+3, 2.0426990e+3, 2.0426990e+3, 5.6873489e-2, 2.2414005, 2.0426990e+3, 5.6873489e-2, 0.0000000, 1.2408883e-1, 1.0485152e-1, 9.9000001e-1
4, 1.9434913e+3, 1.9434913e+3, 1.9434913e+3, 5.8849931e-2, 2.3198323, 1.9434913e+3, 5.8849931e-2, 0.0000000, 5.5686999e-2, 4.9058270e-2, 9.9000001e-1
5, 1.8986108e+3, 1.8986108e+3, 1.8986108e+3, 5.9702028e-2, 2.3540046, 1.8986108e+3, 5.9702028e-2, 0.0000000, 2.5845407e-2, 2.6877617e-2, 9.9000001e-1
6, 1.8774078e+3, 1.8774078e+3, 1.8774078e+3, 5.9823837e-2, 2.3592997, 1.8774078e+3, 5.9823837e-2, 0.0000000, 1.2360736e-2, 1.7819693e-2, 9.9000001e-1
7, 1.8618534e+3, 1.8618534e+3, 1.8618534e+3, 5.9861880e-2, 2.3612590, 1.8618534e+3, 5.9861880e-2, 0.0000000, 9.1479328e-3, 1.5270595e-2, 9.9000001e-1
8, 1.8498280e+3, 1.8498280e+3, 1.8498280e+3, 5.9881661e-2, 2.3624523, 1.8498280e+3, 5.9881661e-2, 0.0000000, 7.1260394e-3, 1.3511482e-2, 9.9000001e-1
9, 1.8396730e+3, 1.8396730e+3, 1.8396730e+3, 5.9884347e-2, 2.3629274, 1.8396730e+3, 5.9884347e-2, 0.0000000, 6.0520959e-3, 1.2594222e-2, 9.9000001e-1
10, 1.8301010e+3, 1.8301010e+3, 1.8301010e+3, 5.9869908e-2, 2.3627145, 1.8301010e+3, 5.9869908e-2, 0.0000000, 5.7396917e-3, 1.2456947e-2, 9.9000001e-1
11, 1.8205121e+3, 1.8205121e+3, 1.8205121e+3, 5.9843972e-2, 2.3620472, 1.8205121e+3, 5.9843972e-2, 0.0000000, 5.7805609e-3, 1.2701103e-2, 9.9000001e-1
12, 1.8099747e+3, 1.8099747e+3, 1.8099747e+3, 5.9781257e-2, 2.3599217, 1.8099747e+3, 5.9781257e-2, 0.0000000, 6.3924640e-3, 1.3346421e-2, 9.9000001e-1
13, 1.7972391e+3, 1.7972391e+3, 1.7972391e+3, 5.9734412e-2, 2.3584411, 1.7972391e+3, 5.9734412e-2, 0.0000000, 7.7901715e-3, 1.3819293e-2, 9.9000001e-1
14, 1.7867770e+3, 1.7867770e+3, 1.7867770e+3, 5.9755564e-2, 2.3596635, 1.7867770e+3, 5.9755564e-2, 0.0000000, 6.4401887e-3, 1.2247506e-2, 9.9000001e-1
15, 1.7778895e+3, 1.7778895e+3, 1.7778895e+3, 5.9777196e-2, 2.3607745, 1.7778895e+3, 5.9777196e-2, 0.0000000, 5.4982165e-3, 1.1763629e-2, 9.9000001e-1
16, 1.7691238e+3, 1.7691238e+3, 1.7691238e+3, 5.9750084e-2, 2.3597982, 1.7691238e+3, 5.9750084e-2, 0.0000000, 5.4556606e-3, 1.2823733e-2, 9.9000001e-1
17, 1.7578226e+3, 1.7578226e+3, 1.7578226e+3, 5.9661340e-2, 2.3562329, 1.7578226e+3, 5.9661340e-2, 0.0000000, 7.0820712e-3, 1.5821565e-2, 9.9000001e-1
18, 1.7421455e+3, 1.7421455e+3, 1.7421455e+3, 5.9494216e-2, 2.3495905, 1.7421455e+3, 5.9494216e-2, 0.0000000, 9.9205514e-3, 1.9986205e-2, 9.9000001e-1
19, 1.7234325e+3, 1.7234325e+3, 1.7234325e+3, 5.9428886e-2, 2.3467481, 1.7234325e+3, 5.9428886e-2, 0.0000000, 1.1985755e-2, 2.1550246e-2, 9.9000001e-1
20, 1.7055237e+3, 1.7055237e+3, 1.7055237e+3, 5.9540328e-2, 2.3515146, 1.7055237e+3, 5.9540328e-2, 0.0000000, 1.1604037e-2, 1.9150984e-2, 9.9000001e-1
21, 1.6877574e+3, 1.6877574e+3, 1.6877574e+3, 5.9874594e-2, 2.3645785, 1.6877574e+3, 5.9874594e-2, 0.0000000, 1.1644026e-2, 2.1363124e-2, 9.9000001e-1
22, 1.6756494e+3, 1.6756494e+3, 1.6756494e+3, 5.9749112e-2, 2.3596551, 1.6756494e+3, 5.9749112e-2, 0.0000000, 8.0017718e-3, 2.2193210e-2, 9.9000001e-1
23, 1.6619515e+3, 1.6619515e+3, 1.6619515e+3, 5.9589386e-2, 2.3534009, 1.6619515e+3, 5.9589386e-2, 0.0000000, 9.1318795e-3, 2.2309190e-2, 9.9000001e-1
24, 1.6443826e+3, 1.6443826e+3, 1.6443826e+3, 5.9451260e-2, 2.3477516, 1.6443826e+3, 5.9451260e-2, 0.0000000, 1.1852172e-2, 2.3953069e-2, 9.9000001e-1
25, 1.6276844e+3, 1.6276844e+3, 1.6276844e+3, 5.9406467e-2, 2.3461108, 1.6276844e+3, 5.9406467e-2, 0.0000000, 1.1396502e-2, 2.0181855e-2, 9.9000001e-1
26, 1.6115231e+3, 1.6115231e+3, 1.6115231e+3, 5.9392665e-2, 2.3455513, 1.6115231e+3, 5.9392665e-2, 0.0000000, 1.1149649e-2, 1.7861852e-2, 9.9000001e-1
27, 1.5966129e+3, 1.5966129e+3, 1.5966129e+3, 5.9408586e-2, 2.3462241, 1.5966129e+3, 5.9408586e-2, 0.0000000, 1.0394295e-2, 1.4836468e-2, 9.9000001e-1
28, 1.5839790e+3, 1.5839790e+3, 1.5839790e+3, 5.9589792e-2, 2.3534834, 1.5839790e+3, 5.9589792e-2, 0.0000000, 8.8865701e-3, 1.2476872e-2, 9.9000001e-1
29, 1.5736600e+3, 1.5736600e+3, 1.5736600e+3, 5.9606537e-2, 2.3541551, 1.5736600e+3, 5.9606537e-2, 0.0000000, 7.3108445e-3, 1.2882444e-2, 9.9000001e-1
30, 1.5632972e+3, 1.5632972e+3, 1.5632972e+3, 5.9688337e-2, 2.3574147, 1.5632972e+3, 5.9688337e-2, 0.0000000, 7.3946901e-3, 1.2025567e-2, 9.9000001e-1
31, 1.5541625e+3, 1.5541625e+3, 1.5541625e+3, 5.9662979e-2, 2.3566604, 1.5541625e+3, 5.9662979e-2, 0.0000000, 6.5631275e-3, 1.1795378e-2, 9.9000001e-1
32, 1.5452797e+3, 1.5452797e+3, 1.5452797e+3, 5.9706789e-2, 2.3584576, 1.5452797e+3, 5.9706789e-2, 0.0000000, 6.4232373e-3, 1.1163235e-2, 9.9000001e-1
33, 1.5369797e+3, 1.5369797e+3, 1.5369797e+3, 5.9751075e-2, 2.3598914, 1.5369797e+3, 5.9751075e-2, 0.0000000, 6.0365074e-3, 1.0414934e-2, 9.9000001e-1
34, 1.5287406e+3, 1.5287406e+3, 1.5287406e+3, 5.9702374e-2, 2.3577564, 1.5287406e+3, 5.9702374e-2, 0.0000000, 6.0294406e-3, 1.0931600e-2, 9.9000001e-1
35, 1.5190819e+3, 1.5190819e+3, 1.5190819e+3, 5.9658498e-2, 2.3553689, 1.5190819e+3, 5.9658498e-2, 0.0000000, 7.1185865e-3, 9.8590497e-3, 9.9000001e-1
36, 1.5118308e+3, 1.5118308e+3, 1.5118308e+3, 5.9666868e-2, 2.3558028, 1.5118308e+3, 5.9666868e-2, 0.0000000, 5.3733522e-3, 7.8732148e-3, 9.9000001e-1
37, 1.5047628e+3, 1.5047628e+3, 1.5047628e+3, 5.9619147e-2, 2.3537390, 1.5047628e+3, 5.9619147e-2, 0.0000000, 5.2631600e-3, 7.7062487e-3, 9.9000001e-1
38, 1.4968328e+3, 1.4968328e+3, 1.4968328e+3, 5.9594966e-2, 2.3529911, 1.4968328e+3, 5.9594966e-2, 0.0000000, 5.9424816e-3, 7.4890866e-3, 9.9000001e-1
39, 1.4897573e+3, 1.4897573e+3, 1.4897573e+3, 5.9610836e-2, 2.3534791, 1.4897573e+3, 5.9610836e-2, 0.0000000, 5.3298883e-3, 6.3112983e-3, 9.9000001e-1
40, 1.4834648e+3, 1.4834648e+3, 1.4834648e+3, 5.9652764e-2, 2.3553085, 1.4834648e+3, 5.9652764e-2, 0.0000000, 4.7623017e-3, 5.6616440e-3, 9.9000001e-1
41, 1.4779590e+3, 1.4779590e+3, 1.4779590e+3, 5.9701502e-2, 2.3571482, 1.4779590e+3, 5.9701502e-2, 0.0000000, 4.1844705e-3, 5.5277077e-3, 9.9000001e-1
42, 1.4731958e+3, 1.4731958e+3, 1.4731958e+3, 5.9725035e-2, 2.3581100, 1.4731958e+3, 5.9725035e-2, 0.0000000, 3.6336065e-3, 5.3715678e-3, 9.9000001e-1
43, 1.4688359e+3, 1.4688359e+3, 1.4688359e+3, 5.9776589e-2, 2.3601334, 1.4688359e+3, 5.9776589e-2, 0.0000000, 3.3372189e-3, 5.1126173e-3, 9.9000001e-1
44, 1.4652621e+3, 1.4652621e+3, 1.4652621e+3, 5.9814349e-2, 2.3615916, 1.4652621e+3, 5.9814349e-2, 0.0000000, 2.7430207e-3, 4.7807172e-3, 9.9000001e-1
45, 1.4621946e+3, 1.4621946e+3, 1.4621946e+3, 5.9813764e-2, 2.3615317, 1.4621946e+3, 5.9813764e-2, 0.0000000, 2.3594175e-3, 4.9435538e-3, 9.9000001e-1
46, 1.4590447e+3, 1.4590447e+3, 1.4590447e+3, 5.9895050e-2, 2.3647335, 1.4590447e+3, 5.9895050e-2, 0.0000000, 2.4284471e-3, 5.0965887e-3, 9.9000001e-1
47, 1.4568420e+3, 1.4568420e+3, 1.4568420e+3, 5.9882205e-2, 2.3641922, 1.4568420e+3, 5.9882205e-2, 0.0000000, 1.7007553e-3, 5.2604889e-3, 9.9000001e-1
48, 1.4544281e+3, 1.4544281e+3, 1.4544281e+3, 5.9901226e-2, 2.3648851, 1.4544281e+3, 5.9901226e-2, 0.0000000, 1.8681253e-3, 5.3245658e-3, 9.9000001e-1
49, 1.4524678e+3, 1.4524678e+3, 1.4524678e+3, 5.9913374e-2, 2.3653402, 1.4524678e+3, 5.9913374e-2, 0.0000000, 1.5196283e-3, 5.0663506e-3, 9.9000001e-1
50, 1.4506959e+3, 1.4506959e+3, 1.4506959e+3, 5.9863459e-2, 2.3633039, 1.4506959e+3, 5.9863459e-2, 0.0000000, 1.3750392e-3, 4.8121815e-3, 9.9000001e-1
51, 1.4484631e+3, 1.4484631e+3, 1.4484631e+3, 5.9894357e-2, 2.3644984, 1.4484631e+3, 5.9894357e-2, 0.0000000, 1.7362522e-3, 4.1034040e-3, 9.9000001e-1
52, 1.4467117e+3, 1.4467117e+3, 1.4467117e+3, 5.9867229e-2, 2.3633516, 1.4467117e+3, 5.9867229e-2, 0.0000000, 1.3624142e-3, 3.6532669e-3, 9.9000001e-1
53, 1.4447034e+3, 1.4447034e+3, 1.4447034e+3, 5.9935812e-2, 2.3660169, 1.4447034e+3, 5.9935812e-2, 0.0000000, 1.5660095e-3, 2.9265021e-3, 9.9000001e-1
54, 1.4435970e+3, 1.4435970e+3, 1.4435970e+3, 5.9935171e-2, 2.3660989, 1.4435970e+3, 5.9935171e-2, 1.0000000, 8.6255441e-4, 2.8248932e-3, 9.9000001e-1
